Datetime,Water Level (m)
2025-04-12 00:00:00,0.0051415083
2025-04-12 01:00:00,-0.16291946
2025-04-12 02:00:00,-0.31914428
2025-04-12 03:00:00,-0.4117272
2025-04-12 04:00:00,-0.32198495
2025-04-12 05:00:00,-0.13436075
2025-04-12 06:00:00,0.082892925
2025-04-12 07:00:00,0.31060675
2025-04-12 08:00:00,0.5156454
2025-04-12 09:00:00,0.5592215
2025-04-12 10:00:00,0.43433225
2025-04-12 11:00:00,0.28532484
2025-04-12 12:00:00,0.11043298
2025-04-12 13:00:00,-0.06343182
2025-04-12 14:00:00,-0.22560841
2025-04-12 15:00:00,-0.337533
2025-04-12 16:00:00,-0.27701968
2025-04-12 17:00:00,-0.09820527
2025-04-12 18:00:00,0.10797773
2025-04-12 19:00:00,0.31509185
2025-04-12 20:00:00,0.5016978
2025-04-12 21:00:00,0.5212868
2025-04-12 22:00:00,0.38781658
2025-04-12 23:00:00,0.23468143
2025-04-13 00:00:00,0.05485855
2025-04-13 01:00:00,-0.118384816
2025-04-13 02:00:00,-0.28644723
2025-04-13 03:00:00,-0.40857008
2025-04-13 04:00:00,-0.41774806
2025-04-13 05:00:00,-0.23869145
2025-04-13 06:00:00,-0.021319348
2025-04-13 07:00:00,0.20933588
2025-04-13 08:00:00,0.45264068
2025-04-13 09:00:00,0.57517534
2025-04-13 10:00:00,0.50193816
2025-04-13 11:00:00,0.35670474
2025-04-13 12:00:00,0.18724567
2025-04-13 13:00:00,0.00582983
2025-04-13 14:00:00,-0.16255046
2025-04-13 15:00:00,-0.31221223
2025-04-13 16:00:00,-0.3665765
2025-04-13 17:00:00,-0.22318065
2025-04-13 18:00:00,-0.030374566
2025-04-13 19:00:00,0.18313158
2025-04-13 20:00:00,0.3908475
2025-04-13 21:00:00,0.5074447
2025-04-13 22:00:00,0.413763
2025-04-13 23:00:00,0.27079892
2025-04-14 00:00:00,0.10204459
2025-04-14 01:00:00,-0.07186084
2025-04-14 02:00:00,-0.23911598
2025-04-14 03:00:00,-0.37926
2025-04-14 04:00:00,-0.45743194
2025-04-14 05:00:00,-0.33522543
2025-04-14 06:00:00,-0.13039583
2025-04-14 07:00:00,0.10789562
2025-04-14 08:00:00,0.36337724
2025-04-14 09:00:00,0.5641936
2025-04-14 10:00:00,0.595062
2025-04-14 11:00:00,0.45875525
2025-04-14 12:00:00,0.30151755
2025-04-14 13:00:00,0.12027913
2025-04-14 14:00:00,-0.055397388
2025-04-14 15:00:00,-0.21602368
2025-04-14 16:00:00,-0.32940573
2025-04-14 17:00:00,-0.27324513
2025-04-14 18:00:00,-0.09412244
2025-04-14 19:00:00,0.11156561
2025-04-14 20:00:00,0.3090632
2025-04-14 21:00:00,0.4701135
2025-04-14 22:00:00,0.44267783
2025-04-14 23:00:00,0.30915573
2025-04-15 00:00:00,0.15576656
2025-04-15 01:00:00,-0.018335938
2025-04-15 02:00:00,-0.18540871
2025-04-15 03:00:00,-0.34142867
2025-04-15 04:00:00,-0.44844198
2025-04-15 05:00:00,-0.41689438
2025-04-15 06:00:00,-0.2313097
2025-04-15 07:00:00,-0.007477076
2025-04-15 08:00:00,0.22775571
2025-04-15 09:00:00,0.47637743
2025-04-15 10:00:00,0.59408236
2025-04-15 11:00:00,0.51239073
2025-04-15 12:00:00,0.3669248
2025-04-15 13:00:00,0.19832607
2025-04-15 14:00:00,0.015748587
2025-04-15 15:00:00,-0.14909948
2025-04-15 16:00:00,-0.2905378
2025-04-15 17:00:00,-0.3244049
2025-04-15 18:00:00,-0.17985699
2025-04-15 19:00:00,0.0072396877
2025-04-15 20:00:00,0.20314327
2025-04-15 21:00:00,0.37298656
2025-04-15 22:00:00,0.4287903
2025-04-15 23:00:00,0.3248669
2025-04-16 00:00:00,0.18881184
2025-04-16 01:00:00,0.026508627
2025-04-16 02:00:00,-0.13562277
2025-04-16 03:00:00,-0.29475915
2025-04-16 04:00:00,-0.41670787
2025-04-16 05:00:00,-0.46403524
2025-04-16 06:00:00,-0.32392973
2025-04-16 07:00:00,-0.120407306
2025-04-16 08:00:00,0.110432304
2025-04-16 09:00:00,0.3531277
2025-04-16 10:00:00,0.5469296
2025-04-16 11:00:00,0.5702339
2025-04-16 12:00:00,0.44186568
2025-04-16 13:00:00,0.2878055
2025-04-16 14:00:00,0.111064196
2025-04-16 15:00:00,-0.059241712
2025-04-16 16:00:00,-0.21142715
2025-04-16 17:00:00,-0.30781832
2025-04-16 18:00:00,-0.23265858
2025-04-16 19:00:00,-0.06850877
2025-04-16 20:00:00,0.11907724
2025-04-16 21:00:00,0.29313692
2025-04-16 22:00:00,0.39951688
2025-04-16 23:00:00,0.36114943
2025-04-17 00:00:00,0.23371229
2025-04-17 01:00:00,0.088729635
2025-04-17 02:00:00,-0.06907306
2025-04-17 03:00:00,-0.2230937
2025-04-17 04:00:00,-0.36192328
2025-04-17 05:00:00,-0.44404447
2025-04-17 06:00:00,-0.3651197
2025-04-17 07:00:00,-0.18141155
2025-04-17 08:00:00,0.033437096
2025-04-17 09:00:00,0.25807446
2025-04-17 10:00:00,0.48442858
2025-04-17 11:00:00,0.5961744
2025-04-17 12:00:00,0.52253383
2025-04-17 13:00:00,0.38002223
2025-04-17 14:00:00,0.21904427
2025-04-17 15:00:00,0.047094535
2025-04-17 16:00:00,-0.10680809
2025-04-17 17:00:00,-0.22194052
2025-04-17 18:00:00,-0.22051266
2025-04-17 19:00:00,-0.08481089
2025-04-17 20:00:00,0.070511736
2025-04-17 21:00:00,0.2394195
2025-04-17 22:00:00,0.36951938
2025-04-17 23:00:00,0.3843525
2025-04-18 00:00:00,0.28802815
